case_id,status,dp,dam_height,boulder_mass,boulder_rot_z,friction_coefficient,slope_inv,classification_mode,reference_time_s,criterion_class,moved,rotated,max_displacement_m,disp_pct_deq,max_rotation_deg,max_velocity_ms,max_sph_force_N,max_contact_force_N,max_flow_velocity_ms,max_water_height_m,tiempo_min,n_particles,mem_gpu_mb,output_path,quality_flags,notas,batch,source_file,case_name,disp_margin_pct,sim_time_reached_s,n_timesteps,hardware,failed,max_displacement_pct_deq,sim_time_reached,flow_gauge_id,flow_gauge_distance,water_gauge_id,water_gauge_distance,disp_mm,margin_mm,margin_pct_deq,max_rotation,max_velocity,max_sph_force,max_contact_force,max_flow_velocity,max_water_height,disp_pct_deq_unified,margin_train_pct_deq,class_from_margin,is_partial_or_diagnostic,is_official,selection_reason,used_for_gp
batch4_mass_m085_H0175_mu0560,OK_SQLITE,0.003,0.175,0.85,0.0,0.56,20.0,displacement_only,0.500003,FALLO,1,1,0.005483094199446,5.460130267769664,5.299897422701339,0.0999976809431098,8.779646335853684,24286.046406597863,0.7555150506692835,0.0664387,,,,,complete_postprocess_sqlite,,batch4,exports/batch4_mass_probe_20260513/batch4_summary.csv,batch4_mass_m085_H0175_mu0560,,,9500.0,,1,5.460130267769664,9.99901,V05,0.0682721222315522,hmax03,1.229420174095903,,,-0.4601302677696637,,,,,,,5.460130267769664,-0.4601302677696637,FALLO,False,True,included,True
al3_lowH_m085_mu0572,,0.003,0.175,0.85,0.0,0.572,20.0,displacement_only,0.500003,ESTABLE,0,0,0.0017742237739363,1.7667856065328862,,,,,,,,,,,,,al3,exports/al_batch3_gp_after_al2_20260518/al_batch3_summary.csv,al3_lowH_m085_mu0572,,,,,,,,,,,,1.7742237739363895,3.24682622606361,3.233214393467114,4.780428447188029,0.0999956335346699,9.017050746918308,24305.72875968176,0.726220770085826,0.0659583,1.7667856065328862,3.233214393467114,ESTABLE,False,True,included,True
al2_lowH_m085_mu0585,,0.003,0.175,0.85,0.0,0.585,20.0,displacement_only,0.500003,ESTABLE,0,0,0.0014786040714133,1.4724052453305536,,,,,,,,,,,,,al2,exports/al_batch2_bracket_closing_20260516/al_batch2_summary.csv,al2_lowH_m085_mu0585,,,,,,,,,,,,1.478604071413395,3.542445928586605,3.5275947546694466,4.85758608004276,0.0999976809431098,8.760070357292857,24317.59570495383,0.7290810842148698,0.0658005,1.4724052453305536,3.5275947546694466,ESTABLE,False,True,included,True
al1_lowH_m085_mu0620,OK_SQLITE,0.003,0.175,0.85,0.0,0.62,20.0,displacement_only,0.500003,ESTABLE,0,0,0.0012374708077364,1.23228811452592,4.100690882481269,0.0999946347810721,8.754595291249961,24216.04404758605,0.7055652735233502,0.0664425,,,,,complete_postprocess_sqlite,,al1,exports/al_batch1_hybrid_20260514/al_batch1_summary.csv,al1_lowH_m085_mu0620,,,9500.0,,0,1.23228811452592,9.99902,V05,0.0682721222315522,hmax03,1.229420174095903,,,3.76771188547408,,,,,,,1.23228811452592,3.76771188547408,ESTABLE,False,True,included,True
batch3_lowH_mu0600,OK,0.003,0.175,1.0,0.0,0.6,20.0,displacement_only,0.500003,ESTABLE,False,False,0.0012374477766758,1.232265179922457,4.823487100363921,0.0999955836274782,8.773712172337602,28587.38480737096,0.6842668316708329,0.066937,213.68997396666663,16031854.0,3070.0230407714844,C:\Users\Admin\Desktop\SPH-Tesis\data\processed\batch3_lowH_mu0600,,,batch3,exports/batch3_productivo_20260509/batch3_summary.csv,batch3_lowH_mu0600,-3.767734820077543,9.999008,9500.0,"Gpu_0=""NVIDIA GeForce RTX 5090""",,,,,,,,,,3.7677348200775427,,,,,,,1.232265179922457,3.7677348200775427,ESTABLE,False,True,included,True
batch3_lowH_mu0640,OK,0.003,0.175,1.0,0.0,0.64,20.0,displacement_only,0.500003,ESTABLE,False,False,0.001237494646453,1.2323118534027673,4.939401915083683,0.0999956335346699,8.779234702552381,28525.445575361817,0.7453660133625359,0.0663773,214.1163737,16031854.0,3070.0230407714844,C:\Users\Admin\Desktop\SPH-Tesis\data\processed\batch3_lowH_mu0640,,,batch3,exports/batch3_productivo_20260509/batch3_summary.csv,batch3_lowH_mu0640,-3.7676881465972327,9.999009,9500.0,"Gpu_0=""NVIDIA GeForce RTX 5090""",,,,,,,,,,3.7676881465972327,,,,,,,1.2323118534027673,3.7676881465972327,ESTABLE,False,True,included,True
batch3_lowH_mu0660,OK,0.003,0.175,1.0,0.0,0.66,20.0,displacement_only,0.500003,ESTABLE,False,False,0.001237647364963,1.232463932307225,4.5307031224669325,0.0999945848583812,8.803778414154005,28412.417943449884,0.7265542056488146,0.0660636,210.55159505,16031854.0,3070.111618041992,C:\Users\Admin\Desktop\SPH-Tesis\data\processed\batch3_lowH_mu0660,,,batch3,exports/batch3_productivo_20260509/batch3_summary.csv,batch3_lowH_mu0660,-3.767536067692775,9.999023,9500.0,"Gpu_0=""NVIDIA GeForce RTX 5090""",,,,,,,,,,3.7675360676927747,,,,,,,1.232463932307225,3.7675360676927747,ESTABLE,False,True,included,True
batch2_h0175_mu0680,OK,0.003,0.175,1.0,0.0,0.68,20.0,displacement_only,0.500003,ESTABLE,False,False,0.001237647364963,1.232463932307225,4.562662923130252,0.0999966822049611,8.776384348920061,28350.94983383084,0.7235108104950748,0.0657646,213.65810546666668,16031854.0,3070.111618041992,C:\Users\Admin\Desktop\SPH-Tesis\data\processed\batch2_h0175_mu0680,,,batch2,exports/batch2_productivo_20260505/batch2_summary.csv,batch2_h0175_mu0680,-3.767536067692775,,,,,,,,,,,,,3.7675360676927747,,,,,,,1.232463932307225,3.7675360676927747,ESTABLE,False,True,included,True
batch4_mass_m115_H0175_mu0640,OK_SQLITE,0.003,0.175,1.15,0.0,0.64,20.0,displacement_only,0.500003,ESTABLE,0,0,0.001237494646453,1.2323118534027673,4.123986098141169,0.0999945349606667,8.783738172784124,32804.27757811425,0.7291393256689698,0.0662141,,,,,complete_postprocess_sqlite,,batch4,exports/batch4_mass_probe_20260513/batch4_summary.csv,batch4_mass_m115_H0175_mu0640,,,9500.0,,0,1.2323118534027673,9.999016,V05,0.0682721222315522,hmax03,1.229420174095903,,,3.7676881465972327,,,,,,,1.2323118534027673,3.7676881465972327,ESTABLE,False,True,included,True
batch4_mass_m085_H0200_mu0682,OK_SQLITE,0.003,0.2,0.85,0.0,0.682,20.0,displacement_only,0.500009,FALLO,1,1,0.0503452093748745,50.13435690612936,11.27717887295702,0.1021401684793989,9.285439414897716,9137.759473683907,0.7589539446798429,0.0679143,,,,,complete_postprocess_sqlite,,batch4,exports/batch4_mass_probe_20260513/batch4_summary.csv,batch4_mass_m085_H0200_mu0682,,,9500.0,,1,50.13435690612936,9.999013,V05,0.0682724043007129,hmax03,1.2294201683675927,,,-45.13435690612936,,,,,,,50.13435690612936,-20.0,FALLO,False,True,included,True
al1_base_m085_mu0780,OK_SQLITE,0.003,0.2,0.85,0.0,0.78,20.0,displacement_only,0.500009,FALLO,1,1,0.0076723611750228,7.640228300516158,6.09278432043761,0.1003360992514658,8.239863667599664,9057.936564890537,0.8049792931629297,0.0675525,,,,,complete_postprocess_sqlite,,al1,exports/al_batch1_hybrid_20260514/al_batch1_summary.csv,al1_base_m085_mu0780,,,9500.0,,1,7.640228300516158,9.999003,V05,0.0682724043007129,hmax03,1.2294201683675927,,,-2.640228300516158,,,,,,,7.640228300516158,-2.640228300516158,FALLO,False,True,included,True
al3_base_m085_mu0800,,0.003,0.2,0.85,0.0,0.8,20.0,displacement_only,0.500009,ESTABLE,0,1,0.0048730074902464,4.852578136292625,,,,,,,,,,,,,al3,exports/al_batch3_gp_after_al2_20260518/al_batch3_summary.csv,al3_base_m085_mu0800,,,,,,,,,,,,4.873007490246416,0.1480425097535835,0.14742186370737542,5.485664522085381,0.1003312385800155,8.726496983899095,9061.384378972123,0.744266003287803,0.0685221,4.852578136292625,0.14742186370737542,ESTABLE,False,True,included,True
al2_base_m085_mu0820,,0.003,0.2,0.85,0.0,0.82,20.0,displacement_only,0.500009,ESTABLE,0,0,0.0022893092844784,2.2797116982289385,,,,,,,,,,,,,al2,exports/al_batch2_bracket_closing_20260516/al_batch2_summary.csv,al2_base_m085_mu0820,,,,,,,,,,,,2.2893092844784824,2.731740715521517,2.7202883017710615,4.872577971080158,0.1002424058420387,8.450824907893963,9082.027699190196,0.7474536599321994,0.0678947,2.2797116982289385,2.7202883017710615,ESTABLE,False,True,included,True
al2_base_m085_mu0860,,0.003,0.2,0.85,0.0,0.86,20.0,displacement_only,0.500009,ESTABLE,0,0,0.0014495378573879,1.4434608870534689,,,,,,,,,,,,,al2,exports/al_batch2_bracket_closing_20260516/al_batch2_summary.csv,al2_base_m085_mu0860,,,,,,,,,,,,1.4495378573879638,3.571512142612036,3.556539112946531,4.778049562346237,0.1001094167798414,9.5848704650738,9108.008388779845,0.7605465215787395,0.0685117,1.4434608870534689,3.556539112946531,ESTABLE,False,True,included,True
prod_pilot_fail_low_mu,OK,0.003,0.2,1.0,0.0,0.6,20.0,displacement_only,0.500009,FALLO,True,True,0.0425578396,42.3796,10.67676,0.09999663,7.907165,10844.9432,0.7536371,0.0677817,249.6686,17525854.0,3338.543,data/processed/prod_pilot_fail_low_mu,OK;displacement_only;reference_time_s_0.5;rotation_diagnostic_exceeds_5deg,falla fisica por desplazamiento; rotacion solo diagnostica,pilot,exports/pilot_productivo_20260501/pilot_summary.csv,prod_pilot_fail_low_mu,,,,,,,,,,,,,,-37.3796,,,,,,,42.3796,-20.0,FALLO,False,True,included,True
batch2_base_mu0675,OK,0.003,0.2,1.0,0.0,0.675,20.0,displacement_only,0.500009,FALLO,True,True,0.0060155878349502,5.990393748726357,5.332407382314178,0.0999956335196692,8.287064993938506,10767.29615584203,0.7639283615056732,0.068382,250.38850911666665,17525854.0,3338.452796936035,C:\Users\Admin\Desktop\SPH-Tesis\data\processed\batch2_base_mu0675,,,batch2,exports/batch2_productivo_20260505/batch2_summary.csv,batch2_base_mu0675,0.9903937487263574,,,,,,,,,,,,,-0.9903937487263574,,,,,,,5.990393748726357,-0.9903937487263574,FALLO,False,True,included,True
batch3_base_mu0678,OK,0.003,0.2,1.0,0.0,0.678,20.0,displacement_only,0.500009,FALLO,True,True,0.0065624530474507,6.534968616593035,5.563638956052998,0.0999966822049611,8.78614783433451,10761.454118910691,0.7301260267114184,0.0683093,253.36031901666664,17525854.0,3338.452796936035,C:\Users\Admin\Desktop\SPH-Tesis\data\processed\batch3_base_mu0678,rotation_diagnostic_only,,batch3,exports/batch3_productivo_20260509/batch3_summary.csv,batch3_base_mu0678,1.5349686165930354,9.99901,9500.0,"Gpu_0=""NVIDIA GeForce RTX 5090""",,,,,,,,,,-1.5349686165930354,,,,,,,6.534968616593035,-1.5349686165930354,FALLO,False,True,included,True
batch3_base_mu0680,OK,0.003,0.2,1.0,0.0,0.68,20.0,displacement_only,0.500009,FALLO,True,True,0.0081214610754467,8.08744731050584,5.864659461299195,0.0999966822049611,8.37318304000032,10755.302259345484,0.7599104895518485,0.068941,252.6423177,17525854.0,3338.452796936035,C:\Users\Admin\Desktop\SPH-Tesis\data\processed\batch3_base_mu0680,rotation_diagnostic_only,,batch3,exports/batch3_productivo_20260509/batch3_summary.csv,batch3_base_mu0680,3.0874473105058406,9.999014,9500.0,"Gpu_0=""NVIDIA GeForce RTX 5090""",,,,,,,,,,-3.0874473105058406,,,,,,,8.08744731050584,-3.0874473105058406,FALLO,False,True,included,True
prod_pilot_frontier,OK,0.003,0.2,1.0,0.0,0.6806,20.0,displacement_only,0.500009,FALLO,True,True,0.00504214795,5.021031,5.07661,0.09999668,9.175133,10753.7615,0.8166953,0.0679667,249.3627,17525854.0,3338.543,data/processed/prod_pilot_frontier,OK;displacement_only;reference_time_s_0.5;rotation_diagnostic_exceeds_5deg;near_displacement_threshold,falla fisica por desplazamiento; rotacion solo diagnostica,pilot,exports/pilot_productivo_20260501/pilot_summary.csv,prod_pilot_frontier,,,,,,,,,,,,,,-0.0210309999999998,,,,,,,5.021031,-0.0210309999999998,FALLO,False,True,included,True
batch4_mass_m100_H0200_mu0681,OK_SQLITE,0.003,0.2,1.0,0.0,0.681,20.0,displacement_only,0.500009,ESTABLE,0,1,0.0042962910748693,4.278297633371513,5.203381145335124,0.0999976809431098,8.352211079012312,10752.83374056948,0.7298531669072721,0.0682437,,,,,complete_postprocess_sqlite,,batch4,exports/batch4_mass_probe_20260513/batch4_summary.csv,batch4_mass_m100_H0200_mu0681,,,9500.0,,0,4.278297633371513,9.999014,V05,0.0682724043007129,hmax03,1.2294201683675927,,,0.7217023666284872,,,,,,,4.278297633371513,0.7217023666284872,ESTABLE,False,True,included,True
batch3_base_mu0682,OK,0.003,0.2,1.0,0.0,0.682,20.0,displacement_only,0.500009,ESTABLE,False,True,0.0042683773263383,4.250500791351798,5.332698290134056,0.0999987296219307,10.486210119261582,10750.352411514818,0.7516506483811556,0.0678944,253.16829426666663,17525854.0,3338.452796936035,C:\Users\Admin\Desktop\SPH-Tesis\data\processed\batch3_base_mu0682,rotation_diagnostic_only,,batch3,exports/batch3_productivo_20260509/batch3_summary.csv,batch3_base_mu0682,-0.749499208648202,9.99902,9500.0,"Gpu_0=""NVIDIA GeForce RTX 5090""",,,,,,,,,,0.749499208648202,,,,,,,4.250500791351798,0.749499208648202,ESTABLE,False,True,included,True
batch2_base_mu0685,OK,0.003,0.2,1.0,0.0,0.685,20.0,displacement_only,0.500009,ESTABLE,False,False,0.0037975072086827,3.7816027407111488,4.759904150549482,0.1000005276636078,8.246558916542098,10741.719666077355,0.7612354979952262,0.0681774,253.8906412833333,17525854.0,3338.543342590332,C:\Users\Admin\Desktop\SPH-Tesis\data\processed\batch2_base_mu0685,,,batch2,exports/batch2_productivo_20260505/batch2_summary.csv,batch2_base_mu0685,-1.2183972592888512,,,,,,,,,,,,,1.2183972592888512,,,,,,,3.7816027407111488,1.2183972592888512,ESTABLE,False,True,included,True
batch2_base_mu0700,OK,0.003,0.2,1.0,0.0,0.7,20.0,displacement_only,0.500009,ESTABLE,False,False,0.0023215824344615,2.3118593367968665,4.86725724256299,0.1000772706012709,8.387386178801414,10715.68477364116,0.7929746302177643,0.0678218,253.5903320333333,17525854.0,3338.452796936035,C:\Users\Admin\Desktop\SPH-Tesis\data\processed\batch2_base_mu0700,,,batch2,exports/batch2_productivo_20260505/batch2_summary.csv,batch2_base_mu0700,-2.688140663203133,,,,,,,,,,,,,2.6881406632031335,,,,,,,2.3118593367968665,2.6881406632031335,ESTABLE,False,True,included,True
prod_pilot_stable_high_mu,OK,0.003,0.2,1.0,0.0,0.75,20.0,displacement_only,0.500009,ESTABLE,False,False,0.00123683669,1.231657,4.461535,0.1002541,8.885389,10672.1232,0.7316807,0.0677404,249.0484,17525854.0,3338.543,data/processed/prod_pilot_stable_high_mu,OK;displacement_only;reference_time_s_0.5,estable por desplazamiento,pilot,exports/pilot_productivo_20260501/pilot_summary.csv,prod_pilot_stable_high_mu,,,,,,,,,,,,,,3.7683429999999998,,,,,,,1.231657,3.7683429999999998,ESTABLE,False,True,included,True
al1_base_m115_mu0620,OK_SQLITE,0.003,0.2,1.15,0.0,0.62,20.0,displacement_only,0.500009,ESTABLE,0,0,0.001236479276009,1.2313007354659906,4.691238879274231,0.0999946348060734,8.643260129384052,12428.86839115034,0.7257649839656496,0.0679919,,,,,complete_postprocess_sqlite,,al1,exports/al_batch1_hybrid_20260514/al_batch1_summary.csv,al1_base_m115_mu0620,,,9500.0,,0,1.2313007354659906,9.999024,V05,0.0682724043007129,hmax03,1.2294201683675927,,,3.7686992645340096,,,,,,,1.2313007354659906,3.7686992645340096,ESTABLE,False,True,included,True
batch4_mass_m115_H0200_mu0680,OK_SQLITE,0.003,0.2,1.15,0.0,0.68,20.0,displacement_only,0.500009,ESTABLE,0,0,0.0012366559747965,1.2314766942152948,4.408829118291414,0.099996632273292,8.41410242849521,12368.557684717529,0.7711037923993436,0.0681885,,,,,complete_postprocess_sqlite,,batch4,exports/batch4_mass_probe_20260513/batch4_summary.csv,batch4_mass_m115_H0200_mu0680,,,9500.0,,0,1.2314766942152948,9.999005,V05,0.0682724043007129,hmax03,1.2294201683675927,,,3.768523305784705,,,,,,,1.2314766942152948,3.768523305784705,ESTABLE,False,True,included,True
al1_base_m125_mu0600,OK_SQLITE,0.003,0.2,1.25,0.0,0.6,20.0,displacement_only,0.500009,ESTABLE,0,0,0.001236479276009,1.2313007354659906,4.797483004536799,0.0999956834768381,8.378160534931041,13556.179082928697,0.8239931264295169,0.0676887,,,,,complete_postprocess_sqlite,,al1,exports/al_batch1_hybrid_20260514/al_batch1_summary.csv,al1_base_m125_mu0600,,,9500.0,,0,1.2313007354659906,9.999012,V05,0.0682724043007129,hmax03,1.2294201683675927,,,3.7686992645340096,,,,,,,1.2313007354659906,3.7686992645340096,ESTABLE,False,True,included,True
batch4_mass_m125_H0200_mu0675,OK_SQLITE,0.003,0.2,1.25,0.0,0.675,20.0,displacement_only,0.500009,ESTABLE,0,0,0.0012366559747965,1.2314766942152948,4.626925112464485,0.0999966822049611,8.540528120230096,13459.095229247358,0.7285774930888675,0.0685531,,,,,complete_postprocess_sqlite,,batch4,exports/batch4_mass_probe_20260513/batch4_summary.csv,batch4_mass_m125_H0200_mu0675,,,9500.0,,0,1.2314766942152948,9.99902,V05,0.0682724043007129,hmax03,1.2294201683675927,,,3.768523305784705,,,,,,,1.2314766942152948,3.768523305784705,ESTABLE,False,True,included,True
batch4_mass_m085_H0210_mu0740,OK_SQLITE,0.003,0.21,0.85,0.0,0.74,20.0,displacement_only,0.500012,FALLO,1,1,0.0671118737705931,66.83080026941303,13.083428712303608,0.1002071973912053,8.628644058860003,6635.336446954111,0.8633497830222349,0.0701825,,,,,complete_postprocess_sqlite,,batch4,exports/batch4_mass_probe_20260513/batch4_summary.csv,batch4_mass_m085_H0210_mu0740,,,9500.0,,1,66.83080026941303,9.999017,V05,0.0682724043007129,hmax03,1.2294201683675927,,,-61.83080026941303,,,,,,,66.83080026941303,-20.0,FALLO,False,True,included,True
al2_midH_m085_mu0880,,0.003,0.21,0.85,0.0,0.88,20.0,displacement_only,0.500012,FALLO,1,1,0.0052139602031469,5.192101456017119,,,,,,,,,,,,,al2,exports/al_batch2_bracket_closing_20260516/al_batch2_summary.csv,al2_midH_m085_mu0880,,,,,,,,,,,,5.213960203146952,-0.192910203146952,-0.19210145601711925,5.608558802825447,0.1000507905515993,9.005815962521163,6662.254529150939,0.8679049383565669,0.0698217,5.192101456017119,-0.19210145601711925,FALLO,False,True,included,True
al3_midH_m085_mu0900,,0.003,0.21,0.85,0.0,0.9,20.0,displacement_only,0.500012,ESTABLE,0,1,0.0033865937164059,3.3723959295426105,,,,,,,,,,,,,al3,exports/al_batch3_gp_after_al2_20260518/al_batch3_summary.csv,al3_midH_m085_mu0900,,,,,,,,,,,,3.3865937164059847,1.634456283594015,1.6276040704573895,5.22265271630607,0.0999903904232801,8.881764412384513,6686.943830549801,0.8643727704255355,0.0697537,3.3723959295426105,1.6276040704573895,ESTABLE,False,True,included,True
batch3_midH_mu0700,OK,0.003,0.21,1.0,0.0,0.7,20.0,displacement_only,0.500012,FALLO,True,True,0.0240538323349938,23.9530916688294,8.270054106671035,0.1000665735248289,8.833249505838495,7833.597909995608,0.8700265850997773,0.0698018,267.00084635,18023854.0,3426.357315063477,C:\Users\Admin\Desktop\SPH-Tesis\data\processed\batch3_midH_mu0700,rotation_diagnostic_only,,batch3,exports/batch3_productivo_20260509/batch3_summary.csv,batch3_midH_mu0700,18.9530916688294,9.999009,9500.0,"Gpu_0=""NVIDIA GeForce RTX 5090""",,,,,,,,,,-18.9530916688294,,,,,,,23.9530916688294,-18.9530916688294,FALLO,False,True,included,True
batch3_midH_mu0740,OK,0.003,0.21,1.0,0.0,0.74,20.0,displacement_only,0.500012,FALLO,True,True,0.0085925140674892,8.556527469631071,6.269481206197968,0.1002071973912053,9.00030504025108,7806.279975346846,0.8680923218446066,0.0695065,268.8819010333333,18023854.0,3426.26676940918,C:\Users\Admin\Desktop\SPH-Tesis\data\processed\batch3_midH_mu0740,rotation_diagnostic_only,,batch3,exports/batch3_productivo_20260509/batch3_summary.csv,batch3_midH_mu0740,3.556527469631071,9.999006,9500.0,"Gpu_0=""NVIDIA GeForce RTX 5090""",,,,,,,,,,-3.556527469631071,,,,,,,8.556527469631071,-3.556527469631071,FALLO,False,True,included,True
al3_midH_m100_mu0755,,0.003,0.21,1.0,0.0,0.755,20.0,displacement_only,0.500012,ESTABLE,0,1,0.0035902311903276,3.575179683858651,,,,,,,,,,,,,al3,exports/al_batch3_gp_after_al2_20260518/al_batch3_summary.csv,al3_midH_m100_mu0755,,,,,,,,,,,,3.590231190327696,1.4308188096723042,1.424820316141349,5.245978162534029,0.1002736437255573,9.294158664100587,7796.480146797015,0.8659671262558931,0.0690306,3.575179683858651,1.424820316141349,ESTABLE,False,True,included,True
al2_midH_m100_mu0770,,0.003,0.21,1.0,0.0,0.77,20.0,displacement_only,0.500012,ESTABLE,0,1,0.0043303492930706,4.312194952321359,,,,,,,,,,,,,al2,exports/al_batch2_bracket_closing_20260516/al_batch2_summary.csv,al2_midH_m100_mu0770,,,,,,,,,,,,4.330349293070632,0.690700706929368,0.6878050476786406,5.556227995862704,0.1003204685395757,8.95477380133323,7790.957162151067,0.8673254506392049,0.0691321,4.312194952321359,0.6878050476786406,ESTABLE,False,True,included,True
al1_midH_m100_mu0800,OK_SQLITE,0.003,0.21,1.0,0.0,0.8,20.0,displacement_only,0.500012,ESTABLE,0,0,0.0019925094730011,1.984164576900823,4.959523045049443,0.1003214673786224,10.989341115813083,7793.14906231191,0.8678299131913398,0.0695924,,,,,complete_postprocess_sqlite,,al1,exports/al_batch1_hybrid_20260514/al_batch1_summary.csv,al1_midH_m100_mu0800,,,9500.0,,0,1.984164576900823,9.999015,V05,0.0682724043007129,hmax03,1.2294201683675927,,,3.015835423099177,,,,,,,1.984164576900823,3.015835423099177,ESTABLE,False,True,included,True
al1_midH_m115_mu0730,OK_SQLITE,0.003,0.21,1.15,0.0,0.73,20.0,displacement_only,0.500012,ESTABLE,0,0,0.0012376986709211,1.232515023389083,4.78969572079245,0.1001692550186932,9.178555926392995,8989.422385650649,0.8673643140615367,0.0696283,,,,,complete_postprocess_sqlite,,al1,exports/al_batch1_hybrid_20260514/al_batch1_summary.csv,al1_midH_m115_mu0730,,,9500.0,,0,1.232515023389083,9.999024,V05,0.0682724043007129,hmax03,1.2294201683675927,,,3.767484976610917,,,,,,,1.232515023389083,3.767484976610917,ESTABLE,False,True,included,True
batch4_mass_m115_H0210_mu0760,OK_SQLITE,0.003,0.21,1.15,0.0,0.76,20.0,displacement_only,0.500012,ESTABLE,0,0,0.0012378279363465,1.2326437474336316,4.39126042358876,0.1002902201313767,9.309878639016944,8964.265899448154,0.862941903632591,0.0696376,,,,,complete_postprocess_sqlite,,batch4,exports/batch4_mass_probe_20260513/batch4_summary.csv,batch4_mass_m115_H0210_mu0760,,,9500.0,,0,1.2326437474336316,9.999012,V05,0.0682724043007129,hmax03,1.2294201683675927,,,3.767356252566368,,,,,,,1.2326437474336316,3.767356252566368,ESTABLE,False,True,included,True
batch4_mass_m085_H0225_mu0800,OK_SQLITE,0.003,0.225,0.85,0.0,0.8,20.0,displacement_only,0.500001,FALLO,1,1,0.1069992912172789,106.55116387830704,16.373819552152725,0.1640414474485031,8.781030988241016,59578.1214594233,0.8545855750890311,0.073905,,,,,complete_postprocess_sqlite,,batch4,exports/batch4_mass_probe_20260513/batch4_summary.csv,batch4_mass_m085_H0225_mu0800,,,9500.0,,1,106.55116387830704,9.999017,V05,0.0682721222315522,hmax03,1.229420174095903,,,-101.55116387830704,,,,,,,106.55116387830704,-20.0,FALLO,False,True,included,True
al2_highH_m085_mu0880,,0.003,0.225,0.85,0.0,0.88,20.0,displacement_only,0.500001,FALLO,1,1,0.0537735301147323,53.548092644698144,,,,,,,,,,,,,al2,exports/al_batch2_bracket_closing_20260516/al_batch2_summary.csv,al2_highH_m085_mu0880,,,,,,,,,,,,53.77353011473232,-48.75248011473232,-48.548092644698144,12.4894752574627,0.1000295997842638,9.719318139663091,59919.35878067976,0.8245428763830296,0.0728153,53.548092644698144,-20.0,FALLO,False,True,included,True
batch2_h0225_mu0680,OK,0.003,0.225,1.0,0.0,0.68,20.0,displacement_only,0.500001,FALLO,True,True,0.1117472250572691,111.27921273650792,16.892761271126467,0.1501730013051614,8.818533046811131,70713.75460200472,0.8784874821754718,0.0740575,294.6700846333333,18853854.0,3577.782516479492,C:\Users\Admin\Desktop\SPH-Tesis\data\processed\batch2_h0225_mu0680,,,batch2,exports/batch2_productivo_20260505/batch2_summary.csv,batch2_h0225_mu0680,106.27921273650792,,,,,,,,,,,,,-106.27921273650792,,,,,,,111.27921273650792,-20.0,FALLO,False,True,included,True
batch2_h0225_mu0720,OK,0.003,0.225,1.0,0.0,0.72,20.0,displacement_only,0.500001,FALLO,True,True,0.0631367148496023,62.8722898455196,13.389341045391069,0.1303923717784134,11.823159328530425,70438.84648887093,0.8363768481362572,0.0732072,295.4069336,18853854.0,3577.782516479492,C:\Users\Admin\Desktop\SPH-Tesis\data\processed\batch2_h0225_mu0720,,,batch2,exports/batch2_productivo_20260505/batch2_summary.csv,batch2_h0225_mu0720,57.8722898455196,,,,,,,,,,,,,-57.8722898455196,,,,,,,62.8722898455196,-20.0,FALLO,False,True,included,True
batch3_highH_mu0760,OK,0.003,0.225,1.0,0.0,0.76,20.0,displacement_only,0.500001,FALLO,True,True,0.0449646506713886,44.77633270195227,11.153884204480844,0.1002687840805901,9.3826260221252,70106.99358662817,0.9297746690414888,0.0730931,294.3225260333333,18853854.0,3577.782516479492,C:\Users\Admin\Desktop\SPH-Tesis\data\processed\batch3_highH_mu0760,rotation_diagnostic_only,,batch3,exports/batch3_productivo_20260509/batch3_summary.csv,batch3_highH_mu0760,39.77633270195227,9.999009,9500.0,"Gpu_0=""NVIDIA GeForce RTX 5090""",,,,,,,,,,-39.77633270195227,,,,,,,44.77633270195227,-20.0,FALLO,False,True,included,True
batch3_highH_mu0800,OK,0.003,0.225,1.0,0.0,0.8,20.0,displacement_only,0.500001,FALLO,True,True,0.0258348687823262,25.726668897369983,8.563652596578885,0.1002960776251992,9.999198628777007,70091.93643270886,0.8809587924147889,0.0722208,292.5385416666667,18853854.0,3577.6900024414062,C:\Users\Admin\Desktop\SPH-Tesis\data\processed\batch3_highH_mu0800,rotation_diagnostic_only,,batch3,exports/batch3_productivo_20260509/batch3_summary.csv,batch3_highH_mu0800,20.726668897369983,9.999002,9500.0,"Gpu_0=""NVIDIA GeForce RTX 5090""",,,,,,,,,,-20.726668897369983,,,,,,,25.726668897369983,-20.0,FALLO,False,True,included,True
batch4_mass_m100_H0225_mu0860,OK_SQLITE,0.003,0.225,1.0,0.0,0.86,20.0,displacement_only,0.500001,FALLO,1,1,0.0058725423795827,5.8479473868531135,5.702800219957474,0.100081074149911,9.99023878483893,70451.93383087036,0.9499924616238804,0.0709851,,,,,complete_postprocess_sqlite,,batch4,exports/batch4_mass_probe_20260513/batch4_summary.csv,batch4_mass_m100_H0225_mu0860,,,9500.0,,1,5.8479473868531135,9.99901,V05,0.0682721222315522,hmax03,1.229420174095903,,,-0.8479473868531135,,,,,,,5.8479473868531135,-0.8479473868531135,FALLO,False,True,included,True
al3_highH_m100_mu0870,,0.003,0.225,1.0,0.0,0.87,20.0,displacement_only,0.500001,ESTABLE,0,0,0.0029886578927672,2.976128392235968,,,,,,,,,,,,,al3,exports/al_batch3_gp_after_al2_20260518/al_batch3_summary.csv,al3_highH_m100_mu0870,,,,,,,,,,,,2.9886578927672813,2.0323921072327185,2.023871607764032,4.839221748833038,0.1000646248631353,10.114035225116629,70402.55406978428,0.9094252612887987,0.0714512,2.976128392235968,2.023871607764032,ESTABLE,False,True,included,True
al2_highH_m100_mu0880,,0.003,0.225,1.0,0.0,0.88,20.0,displacement_only,0.500001,ESTABLE,0,0,0.0033273642722128,3.313414795922065,,,,,,,,,,,,,al2,exports/al_batch2_bracket_closing_20260516/al_batch2_summary.csv,al2_highH_m100_mu0880,,,,,,,,,,,,3.327364272212897,1.693685727787103,1.686585204077935,4.758184116065739,0.1000286503857769,9.936924125619004,70493.39822318817,0.9621491065006296,0.0709435,3.313414795922065,1.686585204077935,ESTABLE,False,True,included,True
al2_highH_m115_mu0700,,0.003,0.225,1.15,0.0,0.7,20.0,displacement_only,0.500001,FALLO,1,1,0.022412458276592,22.318497402527456,,,,,,,,,,,,,al2,exports/al_batch2_bracket_closing_20260516/al_batch2_summary.csv,al2_highH_m115_mu0700,,,,,,,,,,,,22.412458276592098,-17.3914082765921,-17.318497402527456,7.904021738785348,0.1000382454164406,10.384083925744244,81021.80705284368,0.84986277177745,0.0721104,22.318497402527456,-17.318497402527456,FALLO,False,True,included,True
al2_highH_m115_mu0740,,0.003,0.225,1.15,0.0,0.74,20.0,displacement_only,0.500001,FALLO,1,1,0.0067476278053845,6.719339386567072,,,,,,,,,,,,,al2,exports/al_batch2_bracket_closing_20260516/al_batch2_summary.csv,al2_highH_m115_mu0740,,,,,,,,,,,,6.747627805384519,-1.7265778053845189,-1.7193393865670723,5.9315724706067305,0.1001777336337771,10.289588260967928,80739.52509825531,0.9814890184446334,0.0716852,6.719339386567072,-1.7193393865670723,FALLO,False,True,included,True
al3_highH_m115_mu0760,,0.003,0.225,1.15,0.0,0.76,20.0,displacement_only,0.500001,ESTABLE,0,1,0.0043054779061097,4.287427834924694,,,,,,,,,,,,,al3,exports/al_batch3_gp_after_al2_20260518/al_batch3_summary.csv,al3_highH_m115_mu0760,,,,,,,,,,,,4.305477906109727,0.7155720938902732,0.7125721650753061,5.1661728377231215,0.1002687840805901,10.592435906929056,80623.04265387409,0.8553340135968228,0.0714793,4.287427834924694,0.7125721650753061,ESTABLE,False,True,included,True
al3_highH_m115_mu0780,,0.003,0.225,1.15,0.0,0.78,20.0,displacement_only,0.500001,ESTABLE,0,0,0.0019030444030551,1.8950661744606223,,,,,,,,,,,,,al3,exports/al_batch3_gp_after_al2_20260518/al_batch3_summary.csv,al3_highH_m115_mu0780,,,,,,,,,,,,1.9030444030551013,3.118005596944898,3.1049338255393777,4.738286067156607,0.1003058415098542,10.194727171205514,80574.03304946389,0.9504528217624691,0.0712747,1.8950661744606223,3.1049338255393777,ESTABLE,False,True,included,True
al1_highH_m115_mu0800,OK_SQLITE,0.003,0.225,1.15,0.0,0.8,20.0,displacement_only,0.500001,ESTABLE,0,0,0.0012988510307192,1.293411268927378,4.759268189668308,0.1002960776251992,10.274824985181011,80605.65150233885,0.8347814804916615,0.0711487,,,,,complete_postprocess_sqlite,,al1,exports/al_batch1_hybrid_20260514/al_batch1_summary.csv,al1_highH_m115_mu0800,,,9500.0,,0,1.293411268927378,9.999005,V05,0.0682721222315522,hmax03,1.229420174095903,,,3.706588731072622,,,,,,,1.293411268927378,3.706588731072622,ESTABLE,False,True,included,True
al2_highH_m125_mu0660,,0.003,0.225,1.25,0.0,0.66,20.0,displacement_only,0.500001,FALLO,1,1,0.016406794354779,16.33801132709198,,,,,,,,,,,,,al2,exports/al_batch2_bracket_closing_20260516/al_batch2_summary.csv,al2_highH_m125_mu0660,,,,,,,,,,,,16.406794354779038,-11.38574435477904,-11.33801132709198,7.12276214802256,0.0999955836124776,9.92960355671489,88583.854037663,0.8865748880738784,0.0713931,16.33801132709198,-11.33801132709198,FALLO,False,True,included,True
al3_highH_m125_mu0700,,0.003,0.225,1.25,0.0,0.7,20.0,displacement_only,0.500001,ESTABLE,0,0,0.0029662722396975,2.9538365876634742,,,,,,,,,,,,,al3,exports/al_batch3_gp_after_al2_20260518/al_batch3_summary.csv,al3_highH_m125_mu0700,,,,,,,,,,,,2.9662722396975374,2.0547777603024624,2.0461634123365258,4.939039754941896,0.1000422883934589,10.34680592409561,88067.2248052499,0.9668401484842258,0.0715041,2.9538365876634742,2.0461634123365258,ESTABLE,False,True,included,True
al1_highH_m125_mu0740,OK_SQLITE,0.003,0.225,1.25,0.0,0.74,20.0,displacement_only,0.500001,ESTABLE,0,0,0.0012712537118921,1.2659295313617436,4.843970472307585,0.1001777336337771,10.162003264318754,87760.39221513769,0.9262040776902464,0.0711211,,,,,complete_postprocess_sqlite,,al1,exports/al_batch1_hybrid_20260514/al_batch1_summary.csv,al1_highH_m125_mu0740,,,9500.0,,0,1.2659295313617436,9.999016,V05,0.0682721222315522,hmax03,1.229420174095903,,,3.734070468638256,,,,,,,1.2659295313617436,3.734070468638256,ESTABLE,False,True,included,True
batch4_mass_m125_H0225_mu0800,OK_SQLITE,0.003,0.225,1.25,0.0,0.8,20.0,displacement_only,0.500001,ESTABLE,0,0,0.0012389003188311,1.2337116386369946,4.833981138426475,0.1002960776251992,10.746285818603978,87614.89526145483,0.9312096022735804,0.0703618,,,,,complete_postprocess_sqlite,,batch4,exports/batch4_mass_probe_20260513/batch4_summary.csv,batch4_mass_m125_H0225_mu0800,,,9500.0,,0,1.2337116386369946,9.999009,V05,0.0682721222315522,hmax03,1.229420174095903,,,3.7662883613630056,,,,,,,1.2337116386369946,3.7662883613630056,ESTABLE,False,True,included,True
