family,family_label,source_csv,case_id,status,is_official,is_partial,dp,dam_height,boulder_mass,boulder_rot_z,friction_coefficient,slope_inv,classification_mode,reference_time_s,criterion_class,max_displacement_m,disp_mm,disp_pct_deq,margin_mm,margin_pct_deq,max_rotation_deg,max_velocity_ms,max_sph_force_N,max_contact_force_N,max_flow_velocity_ms,max_water_height_m,tiempo_min,n_particles,mem_gpu_mb,family_order,margin_pct
pilot,Piloto,exports\pilot_productivo_20260501\pilot_summary.csv,prod_pilot_fail_low_mu,OK,True,False,0.003,0.2,1.0,0.0,0.6,20.0,displacement_only,0.500009,FALLO,0.0425578396,42.5578396,42.3796,-37.5367896,-37.3796,10.67676,0.09999663,7.907165,10844.9432,0.7536371,0.0677817,249.6686,17525854.0,3338.543,0,-37.3796
pilot,Piloto,exports\pilot_productivo_20260501\pilot_summary.csv,prod_pilot_slope_check,OK,True,False,0.003,0.2,1.0,0.0,0.68,10.0,displacement_only,0.500009,ESTABLE,0.00142622719,1.42622719,1.420254,3.5948228099999997,3.579746,7.427412,0.09999258,9.318593,10799.7508,0.7698438,0.116904,252.3756,17079586.0,3156.825,0,3.579746
pilot,Piloto,exports\pilot_productivo_20260501\pilot_summary.csv,prod_pilot_frontier,OK,True,False,0.003,0.2,1.0,0.0,0.6806,20.0,displacement_only,0.500009,FALLO,0.00504214795,5.04214795,5.021031,-0.021097950000000587,-0.0210309999999998,5.07661,0.09999668,9.175133,10753.7615,0.8166953,0.0679667,249.3627,17525854.0,3338.543,0,-0.0210309999999998
pilot,Piloto,exports\pilot_productivo_20260501\pilot_summary.csv,prod_pilot_stable_high_mu,OK,True,False,0.003,0.2,1.0,0.0,0.75,20.0,displacement_only,0.500009,ESTABLE,0.00123683669,1.2368366899999998,1.231657,3.78421331,3.7683429999999998,4.461535,0.1002541,8.885389,10672.1232,0.7316807,0.0677404,249.0484,17525854.0,3338.543,0,3.7683429999999998
pilot,Piloto,exports\pilot_productivo_20260501\pilot_summary.csv,prod_pilot_stronger_hydraulic,OK,True,False,0.003,0.25,1.0,0.0,0.3,20.0,displacement_only,0.500001,FALLO,1.34718207,1347.1820699999998,1341.54,-1342.1610199999998,-1336.54,55.77997,0.7210935,9.956533,151389.383,0.9426213,0.0743061,324.9678,20169198.0,3817.006,0,-1336.54
batch2,Batch 2,exports\batch2_productivo_20260505\batch2_summary.csv,batch2_h0175_mu0680,OK,True,False,0.003,0.175,1.0,0.0,0.68,20.0,displacement_only,0.500003,ESTABLE,0.001237647364963,1.237647364963,1.232463932307225,3.7834026350369996,3.7675360676927747,4.562662923130252,0.0999966822049611,8.776384348920061,28350.94983383084,0.7235108104950748,0.0657646,213.65810546666668,16031854.0,3070.111618041992,1,3.7675360676927747
batch2,Batch 2,exports\batch2_productivo_20260505\batch2_summary.csv,batch2_slope10_mu0600,OK,True,False,0.003,0.2,1.0,0.0,0.6,10.0,displacement_only,0.500009,ESTABLE,0.0015112448511082,1.5112448511082002,1.5049155555964768,3.5098051488917994,3.495084444403523,7.598206403962069,0.0999970585017379,9.576117965747498,10883.924934041956,0.824107556068381,0.11762,254.7965983,17079586.0,3156.824546813965,1,3.495084444403523
batch2,Batch 2,exports\batch2_productivo_20260505\batch2_summary.csv,batch2_slope10_mu0650,OK,True,False,0.003,0.2,1.0,0.0,0.65,10.0,displacement_only,0.500009,ESTABLE,0.001426499912373,1.426499912373,1.4205255399963936,3.594550087627,3.579474460003606,7.439596761721292,0.0999959639835528,11.080359860022776,10842.897777512286,0.7677630205542658,0.113772,255.28277995,17079586.0,3156.824546813965,1,3.579474460003606
batch2,Batch 2,exports\batch2_productivo_20260505\batch2_summary.csv,batch2_base_mu0675,OK,True,False,0.003,0.2,1.0,0.0,0.675,20.0,displacement_only,0.500009,FALLO,0.0060155878349502,6.0155878349502006,5.990393748726357,-0.9945378349502008,-0.9903937487263574,5.332407382314178,0.0999956335196692,8.287064993938506,10767.29615584203,0.7639283615056732,0.068382,250.38850911666665,17525854.0,3338.452796936035,1,-0.9903937487263574
batch2,Batch 2,exports\batch2_productivo_20260505\batch2_summary.csv,batch2_base_mu0685,OK,True,False,0.003,0.2,1.0,0.0,0.685,20.0,displacement_only,0.500009,ESTABLE,0.0037975072086827,3.7975072086827,3.7816027407111488,1.2235427913172998,1.2183972592888512,4.759904150549482,0.1000005276636078,8.246558916542098,10741.719666077355,0.7612354979952262,0.0681774,253.8906412833333,17525854.0,3338.543342590332,1,1.2183972592888512
batch2,Batch 2,exports\batch2_productivo_20260505\batch2_summary.csv,batch2_base_mu0700,OK,True,False,0.003,0.2,1.0,0.0,0.7,20.0,displacement_only,0.500009,ESTABLE,0.0023215824344615,2.3215824344615004,2.3118593367968665,2.6994675655384994,2.6881406632031335,4.86725724256299,0.1000772706012709,8.387386178801414,10715.68477364116,0.7929746302177643,0.0678218,253.5903320333333,17525854.0,3338.452796936035,1,2.6881406632031335
batch2,Batch 2,exports\batch2_productivo_20260505\batch2_summary.csv,batch2_h0225_mu0680,OK,True,False,0.003,0.225,1.0,0.0,0.68,20.0,displacement_only,0.500001,FALLO,0.1117472250572691,111.74722505726909,111.27921273650792,-106.72617505726909,-106.27921273650792,16.892761271126467,0.1501730013051614,8.818533046811131,70713.75460200472,0.8784874821754718,0.0740575,294.6700846333333,18853854.0,3577.782516479492,1,-106.27921273650792
batch2,Batch 2,exports\batch2_productivo_20260505\batch2_summary.csv,batch2_h0225_mu0720,OK,True,False,0.003,0.225,1.0,0.0,0.72,20.0,displacement_only,0.500001,FALLO,0.0631367148496023,63.1367148496023,62.8722898455196,-58.1156648496023,-57.8722898455196,13.389341045391069,0.1303923717784134,11.823159328530425,70438.84648887093,0.8363768481362572,0.0732072,295.4069336,18853854.0,3577.782516479492,1,-57.8722898455196
batch3,Batch 3,exports\batch3_productivo_20260509\batch3_summary.csv,batch3_lowH_mu0600,OK,True,False,0.003,0.175,1.0,0.0,0.6,20.0,displacement_only,0.500003,ESTABLE,0.0012374477766758,1.2374477766758,1.232265179922457,3.7836022233241997,3.7677348200775427,4.823487100363921,0.0999955836274782,8.773712172337602,28587.38480737096,0.6842668316708329,0.066937,213.68997396666663,16031854.0,3070.0230407714844,2,3.7677348200775427
batch3,Batch 3,exports\batch3_productivo_20260509\batch3_summary.csv,batch3_lowH_mu0640,OK,True,False,0.003,0.175,1.0,0.0,0.64,20.0,displacement_only,0.500003,ESTABLE,0.001237494646453,1.2374946464530001,1.2323118534027673,3.7835553535469995,3.7676881465972327,4.939401915083683,0.0999956335346699,8.779234702552381,28525.445575361817,0.7453660133625359,0.0663773,214.1163737,16031854.0,3070.0230407714844,2,3.7676881465972327
batch3,Batch 3,exports\batch3_productivo_20260509\batch3_summary.csv,batch3_lowH_mu0660,OK,True,False,0.003,0.175,1.0,0.0,0.66,20.0,displacement_only,0.500003,ESTABLE,0.001237647364963,1.237647364963,1.232463932307225,3.7834026350369996,3.7675360676927747,4.5307031224669325,0.0999945848583812,8.803778414154005,28412.417943449884,0.7265542056488146,0.0660636,210.55159505,16031854.0,3070.111618041992,2,3.7675360676927747
batch3,Batch 3,exports\batch3_productivo_20260509\batch3_summary.csv,batch3_base_mu0678,OK,True,False,0.003,0.2,1.0,0.0,0.678,20.0,displacement_only,0.500009,FALLO,0.0065624530474507,6.5624530474507,6.534968616593035,-1.5414030474507001,-1.5349686165930354,5.563638956052998,0.0999966822049611,8.78614783433451,10761.454118910691,0.7301260267114184,0.0683093,253.36031901666664,17525854.0,3338.452796936035,2,-1.5349686165930354
batch3,Batch 3,exports\batch3_productivo_20260509\batch3_summary.csv,batch3_base_mu0680,OK,True,False,0.003,0.2,1.0,0.0,0.68,20.0,displacement_only,0.500009,FALLO,0.0081214610754467,8.1214610754467,8.08744731050584,-3.1004110754467,-3.0874473105058406,5.864659461299195,0.0999966822049611,8.37318304000032,10755.302259345484,0.7599104895518485,0.068941,252.6423177,17525854.0,3338.452796936035,2,-3.0874473105058406
batch3,Batch 3,exports\batch3_productivo_20260509\batch3_summary.csv,batch3_base_mu0682,OK,True,False,0.003,0.2,1.0,0.0,0.682,20.0,displacement_only,0.500009,ESTABLE,0.0042683773263383,4.2683773263383005,4.250500791351798,0.7526726736616993,0.749499208648202,5.332698290134056,0.0999987296219307,10.486210119261582,10750.352411514818,0.7516506483811556,0.0678944,253.16829426666663,17525854.0,3338.452796936035,2,0.749499208648202
batch3,Batch 3,exports\batch3_productivo_20260509\batch3_summary.csv,batch3_midH_mu0700,OK,True,False,0.003,0.21,1.0,0.0,0.7,20.0,displacement_only,0.500012,FALLO,0.0240538323349938,24.0538323349938,23.9530916688294,-19.0327823349938,-18.9530916688294,8.270054106671035,0.1000665735248289,8.833249505838495,7833.597909995608,0.8700265850997773,0.0698018,267.00084635,18023854.0,3426.357315063477,2,-18.9530916688294
batch3,Batch 3,exports\batch3_productivo_20260509\batch3_summary.csv,batch3_midH_mu0740,OK,True,False,0.003,0.21,1.0,0.0,0.74,20.0,displacement_only,0.500012,FALLO,0.0085925140674892,8.592514067489201,8.556527469631071,-3.5714640674892015,-3.556527469631071,6.269481206197968,0.1002071973912053,9.00030504025108,7806.279975346846,0.8680923218446066,0.0695065,268.8819010333333,18023854.0,3426.26676940918,2,-3.556527469631071
batch3,Batch 3,exports\batch3_productivo_20260509\batch3_summary.csv,batch3_highH_mu0760,OK,True,False,0.003,0.225,1.0,0.0,0.76,20.0,displacement_only,0.500001,FALLO,0.0449646506713886,44.9646506713886,44.77633270195227,-39.943600671388594,-39.77633270195227,11.153884204480844,0.1002687840805901,9.3826260221252,70106.99358662817,0.9297746690414888,0.0730931,294.3225260333333,18853854.0,3577.782516479492,2,-39.77633270195227
batch3,Batch 3,exports\batch3_productivo_20260509\batch3_summary.csv,batch3_highH_mu0800,OK,True,False,0.003,0.225,1.0,0.0,0.8,20.0,displacement_only,0.500001,FALLO,0.0258348687823262,25.8348687823262,25.726668897369983,-20.8138187823262,-20.726668897369983,8.563652596578885,0.1002960776251992,9.999198628777007,70091.93643270886,0.8809587924147889,0.0722208,292.5385416666667,18853854.0,3577.6900024414062,2,-20.726668897369983
batch4,Batch 4 masa,exports\batch4_mass_probe_20260513\batch4_summary.csv,batch4_mass_m085_H0175_mu0560,OK_SQLITE,True,False,0.003,0.175,0.85,0.0,0.56,20.0,displacement_only,0.500003,FALLO,0.005483094199446,5.483094199446,5.460130267769664,-0.46204419944599984,-0.4601302677696637,5.299897422701339,0.0999976809431098,8.779646335853684,24286.046406597863,0.7555150506692835,0.0664387,,,,3,-0.4601302677696637
batch4,Batch 4 masa,exports\batch4_mass_probe_20260513\batch4_summary.csv,batch4_mass_m115_H0175_mu0640,OK_SQLITE,True,False,0.003,0.175,1.15,0.0,0.64,20.0,displacement_only,0.500003,ESTABLE,0.001237494646453,1.2374946464530001,1.2323118534027673,3.7835553535469995,3.7676881465972327,4.123986098141169,0.0999945349606667,8.783738172784124,32804.27757811425,0.7291393256689698,0.0662141,,,,3,3.7676881465972327
batch4,Batch 4 masa,exports\batch4_mass_probe_20260513\batch4_summary.csv,batch4_mass_m085_H0200_mu0682,OK_SQLITE,True,False,0.003,0.2,0.85,0.0,0.682,20.0,displacement_only,0.500009,FALLO,0.0503452093748745,50.3452093748745,50.13435690612936,-45.3241593748745,-45.13435690612936,11.27717887295702,0.1021401684793989,9.285439414897716,9137.759473683907,0.7589539446798429,0.0679143,,,,3,-45.13435690612936
batch4,Batch 4 masa,exports\batch4_mass_probe_20260513\batch4_summary.csv,batch4_mass_m100_H0200_mu0681,OK_SQLITE,True,False,0.003,0.2,1.0,0.0,0.681,20.0,displacement_only,0.500009,ESTABLE,0.0042962910748693,4.2962910748693,4.278297633371513,0.7247589251306996,0.7217023666284872,5.203381145335124,0.0999976809431098,8.352211079012312,10752.83374056948,0.7298531669072721,0.0682437,,,,3,0.7217023666284872
batch4,Batch 4 masa,exports\batch4_mass_probe_20260513\batch4_summary.csv,batch4_mass_m115_H0200_mu0680,OK_SQLITE,True,False,0.003,0.2,1.15,0.0,0.68,20.0,displacement_only,0.500009,ESTABLE,0.0012366559747965,1.2366559747965,1.2314766942152948,3.7843940252034995,3.768523305784705,4.408829118291414,0.099996632273292,8.41410242849521,12368.557684717529,0.7711037923993436,0.0681885,,,,3,3.768523305784705
batch4,Batch 4 masa,exports\batch4_mass_probe_20260513\batch4_summary.csv,batch4_mass_m125_H0200_mu0675,OK_SQLITE,True,False,0.003,0.2,1.25,0.0,0.675,20.0,displacement_only,0.500009,ESTABLE,0.0012366559747965,1.2366559747965,1.2314766942152948,3.7843940252034995,3.768523305784705,4.626925112464485,0.0999966822049611,8.540528120230096,13459.095229247358,0.7285774930888675,0.0685531,,,,3,3.768523305784705
batch4,Batch 4 masa,exports\batch4_mass_probe_20260513\batch4_summary.csv,batch4_mass_m085_H0210_mu0740,OK_SQLITE,True,False,0.003,0.21,0.85,0.0,0.74,20.0,displacement_only,0.500012,FALLO,0.0671118737705931,67.1118737705931,66.83080026941303,-62.090823770593104,-61.83080026941303,13.083428712303608,0.1002071973912053,8.628644058860003,6635.336446954111,0.8633497830222349,0.0701825,,,,3,-61.83080026941303
batch4,Batch 4 masa,exports\batch4_mass_probe_20260513\batch4_summary.csv,batch4_mass_m115_H0210_mu0760,OK_SQLITE,True,False,0.003,0.21,1.15,0.0,0.76,20.0,displacement_only,0.500012,ESTABLE,0.0012378279363465,1.2378279363465001,1.2326437474336316,3.7832220636534997,3.767356252566368,4.39126042358876,0.1002902201313767,9.309878639016944,8964.265899448154,0.862941903632591,0.0696376,,,,3,3.767356252566368
batch4,Batch 4 masa,exports\batch4_mass_probe_20260513\batch4_summary.csv,batch4_mass_m085_H0225_mu0800,OK_SQLITE,True,False,0.003,0.225,0.85,0.0,0.8,20.0,displacement_only,0.500001,FALLO,0.1069992912172789,106.9992912172789,106.55116387830704,-101.97824121727889,-101.55116387830704,16.373819552152725,0.1640414474485031,8.781030988241016,59578.1214594233,0.8545855750890311,0.073905,,,,3,-101.55116387830704
batch4,Batch 4 masa,exports\batch4_mass_probe_20260513\batch4_summary.csv,batch4_mass_m100_H0225_mu0860,OK_SQLITE,True,False,0.003,0.225,1.0,0.0,0.86,20.0,displacement_only,0.500001,FALLO,0.0058725423795827,5.8725423795827,5.8479473868531135,-0.8514923795826999,-0.8479473868531135,5.702800219957474,0.100081074149911,9.99023878483893,70451.93383087036,0.9499924616238804,0.0709851,,,,3,-0.8479473868531135
batch4,Batch 4 masa,exports\batch4_mass_probe_20260513\batch4_summary.csv,batch4_mass_m125_H0225_mu0800,OK_SQLITE,True,False,0.003,0.225,1.25,0.0,0.8,20.0,displacement_only,0.500001,ESTABLE,0.0012389003188311,1.2389003188311,1.2337116386369946,3.7821496811688995,3.7662883613630056,4.833981138426475,0.1002960776251992,10.746285818603978,87614.89526145483,0.9312096022735804,0.0703618,,,,3,3.7662883613630056
batch4,Batch 4 masa,exports\batch4_mass_probe_20260513\batch4_summary.csv,batch4_mass_m125_H0225_mu0860,PARTIAL_RECOVERED_NOT_SQLITE,False,True,0.003,0.225,1.25,0.0,0.86,20.0,displacement_only,0.500001,ESTABLE,0.0012390811111464,1.2390811111464,1.2338916737699144,3.7819688888535996,3.7661083262300856,4.7277526044886775,0.1000820729301706,10.404905452722767,88064.9427373038,0.8898783065983797,0.0580703,,,,3,3.7661083262300856
al1,AL1,exports\al_batch1_hybrid_20260514\al_batch1_summary.csv,al1_lowH_m085_mu0620,OK_SQLITE,True,False,0.003,0.175,0.85,0.0,0.62,20.0,displacement_only,0.500003,ESTABLE,0.0012374708077364,1.2374708077364,1.23228811452592,3.7835791922635997,3.76771188547408,4.100690882481269,0.0999946347810721,8.754595291249961,24216.04404758605,0.7055652735233502,0.0664425,,,,4,3.76771188547408
al1,AL1,exports\al_batch1_hybrid_20260514\al_batch1_summary.csv,al1_base_m085_mu0780,OK_SQLITE,True,False,0.003,0.2,0.85,0.0,0.78,20.0,displacement_only,0.500009,FALLO,0.0076723611750228,7.6723611750228,7.640228300516158,-2.6513111750228004,-2.640228300516158,6.09278432043761,0.1003360992514658,8.239863667599664,9057.936564890537,0.8049792931629297,0.0675525,,,,4,-2.640228300516158
al1,AL1,exports\al_batch1_hybrid_20260514\al_batch1_summary.csv,al1_base_m115_mu0620,OK_SQLITE,True,False,0.003,0.2,1.15,0.0,0.62,20.0,displacement_only,0.500009,ESTABLE,0.001236479276009,1.236479276009,1.2313007354659906,3.784570723991,3.7686992645340096,4.691238879274231,0.0999946348060734,8.643260129384052,12428.86839115034,0.7257649839656496,0.0679919,,,,4,3.7686992645340096
al1,AL1,exports\al_batch1_hybrid_20260514\al_batch1_summary.csv,al1_base_m125_mu0600,OK_SQLITE,True,False,0.003,0.2,1.25,0.0,0.6,20.0,displacement_only,0.500009,ESTABLE,0.001236479276009,1.236479276009,1.2313007354659906,3.784570723991,3.7686992645340096,4.797483004536799,0.0999956834768381,8.378160534931041,13556.179082928697,0.8239931264295169,0.0676887,,,,4,3.7686992645340096
al1,AL1,exports\al_batch1_hybrid_20260514\al_batch1_summary.csv,al1_midH_m100_mu0800,OK_SQLITE,True,False,0.003,0.21,1.0,0.0,0.8,20.0,displacement_only,0.500012,ESTABLE,0.0019925094730011,1.9925094730011002,1.984164576900823,3.0285405269988996,3.015835423099177,4.959523045049443,0.1003214673786224,10.989341115813083,7793.14906231191,0.8678299131913398,0.0695924,,,,4,3.015835423099177
al1,AL1,exports\al_batch1_hybrid_20260514\al_batch1_summary.csv,al1_midH_m115_mu0730,OK_SQLITE,True,False,0.003,0.21,1.15,0.0,0.73,20.0,displacement_only,0.500012,ESTABLE,0.0012376986709211,1.2376986709211,1.232515023389083,3.7833513290789,3.767484976610917,4.78969572079245,0.1001692550186932,9.178555926392995,8989.422385650649,0.8673643140615367,0.0696283,,,,4,3.767484976610917
al1,AL1,exports\al_batch1_hybrid_20260514\al_batch1_summary.csv,al1_highH_m115_mu0800,OK_SQLITE,True,False,0.003,0.225,1.15,0.0,0.8,20.0,displacement_only,0.500001,ESTABLE,0.0012988510307192,1.2988510307191998,1.293411268927378,3.7221989692808,3.706588731072622,4.759268189668308,0.1002960776251992,10.274824985181011,80605.65150233885,0.8347814804916615,0.0711487,,,,4,3.706588731072622
al1,AL1,exports\al_batch1_hybrid_20260514\al_batch1_summary.csv,al1_highH_m125_mu0740,OK_SQLITE,True,False,0.003,0.225,1.25,0.0,0.74,20.0,displacement_only,0.500001,ESTABLE,0.0012712537118921,1.2712537118921,1.2659295313617436,3.7497962881079,3.734070468638256,4.843970472307585,0.1001777336337771,10.162003264318754,87760.39221513769,0.9262040776902464,0.0711211,,,,4,3.734070468638256
al2,AL2,exports\al_batch2_bracket_closing_20260516\al_batch2_summary.csv,al2_lowH_m085_mu0585,OK_EXPORT,True,False,0.003,0.175,0.85,0.0,0.585,20.0,displacement_only,0.500003,ESTABLE,0.0014786040714133,1.478604071413395,1.4724052453305536,3.542445928586605,3.5275947546694466,4.85758608004276,0.0999976809431098,8.760070357292857,24317.59570495383,0.7290810842148698,0.0658005,,,,5,3.5275947546694466
al2,AL2,exports\al_batch2_bracket_closing_20260516\al_batch2_summary.csv,al2_base_m085_mu0820,OK_EXPORT,True,False,0.003,0.2,0.85,0.0,0.82,20.0,displacement_only,0.500009,ESTABLE,0.0022893092844784,2.2893092844784824,2.2797116982289385,2.731740715521517,2.720288301771061,4.872577971080158,0.1002424058420387,8.450824907893963,9082.027699190196,0.7474536599321994,0.0678947,,,,5,2.720288301771061
al2,AL2,exports\al_batch2_bracket_closing_20260516\al_batch2_summary.csv,al2_base_m085_mu0860,OK_EXPORT,True,False,0.003,0.2,0.85,0.0,0.86,20.0,displacement_only,0.500009,ESTABLE,0.0014495378573879,1.4495378573879638,1.4434608870534689,3.571512142612036,3.556539112946531,4.778049562346237,0.1001094167798414,9.5848704650738,9108.008388779845,0.7605465215787395,0.0685117,,,,5,3.556539112946531
al2,AL2,exports\al_batch2_bracket_closing_20260516\al_batch2_summary.csv,al2_midH_m085_mu0880,OK_EXPORT,True,False,0.003,0.21,0.85,0.0,0.88,20.0,displacement_only,0.500012,FALLO,0.0052139602031469,5.213960203146952,5.192101456017119,-0.192910203146952,-0.1921014560171192,5.608558802825447,0.1000507905515993,9.005815962521163,6662.254529150939,0.8679049383565669,0.0698217,,,,5,-0.1921014560171192
al2,AL2,exports\al_batch2_bracket_closing_20260516\al_batch2_summary.csv,al2_midH_m100_mu0770,OK_EXPORT,True,False,0.003,0.21,1.0,0.0,0.77,20.0,displacement_only,0.500012,ESTABLE,0.0043303492930706,4.330349293070632,4.312194952321359,0.690700706929368,0.6878050476786406,5.556227995862704,0.1003204685395757,8.95477380133323,7790.957162151067,0.8673254506392049,0.0691321,,,,5,0.6878050476786406
al2,AL2,exports\al_batch2_bracket_closing_20260516\al_batch2_summary.csv,al2_highH_m085_mu0880,OK_EXPORT,True,False,0.003,0.225,0.85,0.0,0.88,20.0,displacement_only,0.500001,FALLO,0.0537735301147323,53.77353011473232,53.548092644698144,-48.75248011473232,-48.548092644698144,12.4894752574627,0.1000295997842638,9.719318139663091,59919.35878067976,0.8245428763830296,0.0728153,,,,5,-48.548092644698144
al2,AL2,exports\al_batch2_bracket_closing_20260516\al_batch2_summary.csv,al2_highH_m100_mu0880,OK_EXPORT,True,False,0.003,0.225,1.0,0.0,0.88,20.0,displacement_only,0.500001,ESTABLE,0.0033273642722128,3.327364272212897,3.313414795922065,1.693685727787103,1.686585204077935,4.758184116065739,0.1000286503857769,9.936924125619004,70493.39822318817,0.9621491065006296,0.0709435,,,,5,1.686585204077935
al2,AL2,exports\al_batch2_bracket_closing_20260516\al_batch2_summary.csv,al2_highH_m115_mu0700,OK_EXPORT,True,False,0.003,0.225,1.15,0.0,0.7,20.0,displacement_only,0.500001,FALLO,0.022412458276592,22.412458276592098,22.318497402527456,-17.3914082765921,-17.318497402527456,7.904021738785348,0.1000382454164406,10.384083925744244,81021.80705284368,0.84986277177745,0.0721104,,,,5,-17.318497402527456
al2,AL2,exports\al_batch2_bracket_closing_20260516\al_batch2_summary.csv,al2_highH_m115_mu0740,OK_EXPORT,True,False,0.003,0.225,1.15,0.0,0.74,20.0,displacement_only,0.500001,FALLO,0.0067476278053845,6.747627805384519,6.719339386567072,-1.7265778053845189,-1.7193393865670723,5.9315724706067305,0.1001777336337771,10.289588260967928,80739.52509825531,0.9814890184446334,0.0716852,,,,5,-1.7193393865670723
al2,AL2,exports\al_batch2_bracket_closing_20260516\al_batch2_summary.csv,al2_highH_m125_mu0660,OK_EXPORT,True,False,0.003,0.225,1.25,0.0,0.66,20.0,displacement_only,0.500001,FALLO,0.016406794354779,16.406794354779038,16.33801132709198,-11.38574435477904,-11.33801132709198,7.12276214802256,0.0999955836124776,9.92960355671489,88583.854037663,0.8865748880738784,0.0713931,,,,5,-11.33801132709198
al3,AL3,exports\al_batch3_gp_after_al2_20260518\al_batch3_summary.csv,al3_lowH_m085_mu0572,OK_EXPORT,True,False,0.003,0.175,0.85,0.0,0.572,20.0,displacement_only,0.500003,ESTABLE,0.0017742237739363,1.7742237739363895,1.7667856065328862,3.24682622606361,3.233214393467114,4.780428447188029,0.0999956335346699,9.017050746918308,24305.72875968176,0.726220770085826,0.0659583,,,,6,3.233214393467114
al3,AL3,exports\al_batch3_gp_after_al2_20260518\al_batch3_summary.csv,al3_base_m085_mu0800,OK_EXPORT,True,False,0.003,0.2,0.85,0.0,0.8,20.0,displacement_only,0.500009,ESTABLE,0.0048730074902464,4.873007490246416,4.852578136292625,0.1480425097535835,0.1474218637073754,5.485664522085381,0.1003312385800155,8.726496983899095,9061.384378972123,0.744266003287803,0.0685221,,,,6,0.1474218637073754
al3,AL3,exports\al_batch3_gp_after_al2_20260518\al_batch3_summary.csv,al3_midH_m085_mu0900,OK_EXPORT,True,False,0.003,0.21,0.85,0.0,0.9,20.0,displacement_only,0.500012,ESTABLE,0.0033865937164059,3.3865937164059847,3.3723959295426105,1.634456283594015,1.6276040704573895,5.22265271630607,0.0999903904232801,8.881764412384513,6686.943830549801,0.8643727704255355,0.0697537,,,,6,1.6276040704573895
al3,AL3,exports\al_batch3_gp_after_al2_20260518\al_batch3_summary.csv,al3_midH_m100_mu0755,OK_EXPORT,True,False,0.003,0.21,1.0,0.0,0.755,20.0,displacement_only,0.500012,ESTABLE,0.0035902311903276,3.590231190327696,3.575179683858651,1.4308188096723042,1.424820316141349,5.245978162534029,0.1002736437255573,9.294158664100587,7796.480146797015,0.8659671262558931,0.0690306,,,,6,1.424820316141349
al3,AL3,exports\al_batch3_gp_after_al2_20260518\al_batch3_summary.csv,al3_highH_m100_mu0870,OK_EXPORT,True,False,0.003,0.225,1.0,0.0,0.87,20.0,displacement_only,0.500001,ESTABLE,0.0029886578927672,2.9886578927672813,2.976128392235968,2.0323921072327185,2.023871607764032,4.839221748833038,0.1000646248631353,10.114035225116629,70402.55406978428,0.9094252612887987,0.0714512,,,,6,2.023871607764032
al3,AL3,exports\al_batch3_gp_after_al2_20260518\al_batch3_summary.csv,al3_highH_m115_mu0760,OK_EXPORT,True,False,0.003,0.225,1.15,0.0,0.76,20.0,displacement_only,0.500001,ESTABLE,0.0043054779061097,4.305477906109727,4.287427834924694,0.7155720938902732,0.7125721650753061,5.1661728377231215,0.1002687840805901,10.592435906929056,80623.04265387409,0.8553340135968228,0.0714793,,,,6,0.7125721650753061
al3,AL3,exports\al_batch3_gp_after_al2_20260518\al_batch3_summary.csv,al3_highH_m115_mu0780,OK_EXPORT,True,False,0.003,0.225,1.15,0.0,0.78,20.0,displacement_only,0.500001,ESTABLE,0.0019030444030551,1.9030444030551013,1.8950661744606223,3.118005596944898,3.104933825539377,4.738286067156607,0.1003058415098542,10.194727171205514,80574.03304946389,0.9504528217624691,0.0712747,,,,6,3.104933825539377
al3,AL3,exports\al_batch3_gp_after_al2_20260518\al_batch3_summary.csv,al3_highH_m125_mu0700,OK_EXPORT,True,False,0.003,0.225,1.25,0.0,0.7,20.0,displacement_only,0.500001,ESTABLE,0.0029662722396975,2.9662722396975374,2.9538365876634742,2.0547777603024624,2.0461634123365258,4.939039754941896,0.1000422883934589,10.34680592409561,88067.2248052499,0.9668401484842258,0.0715041,,,,6,2.0461634123365258
al4,AL4,exports\al_batch4_after_al3_20260520\al_batch4_summary.csv,al4_lowH_m085_mu0566,OK_EXPORT,True,False,0.003,0.175,0.85,0.0,0.566,20.0,displacement_only,0.500003,ESTABLE,0.0020201259861704,2.020125986170497,2.0116654284203315,3.0009027535757773,2.9883345715796685,4.516046379130723,0.0999956335196692,8.798045980257434,24290.785610579187,0.7746053559436648,0.0661128,,,,7,2.9883345715796685
al4,AL4,exports\al_batch4_after_al3_20260520\al_batch4_summary.csv,al4_base_m085_mu0790,OK_EXPORT,True,False,0.003,0.2,0.85,0.0,0.79,20.0,displacement_only,0.500009,FALLO,0.0062014817584182,6.201481758418231,6.175509123586105,-1.1804530186719564,-1.1755091235861048,5.4405802646869805,0.1003419590301086,8.56511438376371,9054.34957652166,0.7328512157023078,0.0679788,,,,7,-1.1755091235861048
al4,AL4,exports\al_batch4_after_al3_20260520\al_batch4_summary.csv,al4_base_m100_mu06808,OK_EXPORT,True,False,0.003,0.2,1.0,0.0,0.6808,20.0,displacement_only,0.500009,ESTABLE,0.0035832679218836,3.5832679218836305,3.568260716691997,1.4377608178626438,1.4317392833080032,4.933463496179058,0.0999976310269398,8.363559426394005,10753.34780069175,0.8217874985942168,0.0690101,,,,7,1.4317392833080032
al4,AL4,exports\al_batch4_after_al3_20260520\al_batch4_summary.csv,al4_midH_m085_mu0890,OK_EXPORT,True,False,0.003,0.21,0.85,0.0,0.89,20.0,displacement_only,0.500012,ESTABLE,0.002442725936326,2.4427259363260605,2.432495473476913,2.578302803420214,2.5675045265230865,5.012945868647545,0.0999966822049611,9.024534557305934,6679.078021150587,0.8650073471233745,0.0684596,,,,7,2.5675045265230865
al4,AL4,exports\al_batch4_after_al3_20260520\al_batch4_summary.csv,al4_midH_m100_mu0748,OK_EXPORT,True,False,0.003,0.21,1.0,0.0,0.748,20.0,displacement_only,0.500012,ESTABLE,0.0031571132383876,3.1571132383876046,3.143890825993502,1.8639155013586697,1.856109174006498,5.274785161785713,0.100231693525551,9.309449516920967,7803.826735205443,0.8670115347471221,0.0693666,,,,7,1.856109174006498
al4,AL4,exports\al_batch4_after_al3_20260520\al_batch4_summary.csv,al4_highH_m100_mu0865,OK_EXPORT,True,False,0.003,0.225,1.0,0.0,0.865,20.0,displacement_only,0.500001,ESTABLE,0.0048853440001702,4.885344000170246,4.86488352625633,0.1356847395760283,0.13511647374367,5.6560911649884495,0.1001164082905494,10.16255821219618,70338.15364419401,0.9424356135982128,0.0710731,,,,7,0.13511647374367
al4,AL4,exports\al_batch4_after_al3_20260520\al_batch4_summary.csv,al4_highH_m115_mu0750,OK_EXPORT,True,False,0.003,0.225,1.15,0.0,0.75,20.0,displacement_only,0.500001,FALLO,0.0054768609622665,5.476860962266516,5.453923136220961,-0.4558322225202413,-0.4539231362209612,5.525694004236292,0.1002062403695498,10.250940839841434,80691.99843897783,0.8944713790824388,0.0720039,,,,7,-0.4539231362209612
al4,AL4,exports\al_batch4_after_al3_20260520\al_batch4_summary.csv,al4_highH_m125_mu0680,OK_EXPORT,True,False,0.003,0.225,1.25,0.0,0.68,20.0,displacement_only,0.500001,FALLO,0.0062277287994899,6.22772879948997,6.201646238540226,-1.206700059743696,-1.201646238540226,5.970220107085424,0.099996632273292,9.912437683811383,88392.14374817099,0.85086245902133,0.0712348,,,,7,-1.201646238540226
al5,AL5,exports\al_batch5_after_al4_20260522\al_batch5_summary.csv,al5_base_m085_mu0795,OK_EXPORT,True,False,0.003,0.2,0.85,0.0,0.795,20.0,displacement_only,0.500009,FALLO,0.0073303479453569,7.330347945356958,7.299647467988183,-2.3093192056106835,-2.2996474679881835,5.966550144860985,0.1003449130050945,10.00488486476761,9055.503069527722,0.733933611458847,0.0683245,,,,8,-2.2996474679881835
al5,AL5,exports\al_batch5_after_al4_20260522\al_batch5_summary.csv,al5_midH_m100_mu0744,OK_EXPORT,True,False,0.003,0.21,1.0,0.0,0.744,20.0,displacement_only,0.500012,FALLO,0.0054839761122747,5.483976112274731,5.461008487029544,-0.4629473725284567,-0.4610084870295434,5.636605798964994,0.1002199836260214,8.922054045629235,7805.92811581517,0.8653766469011109,0.0695051,,,,8,-0.4610084870295434
al5,AL5,exports\al_batch5_after_al4_20260522\al_batch5_summary.csv,al5_midH_m115_mu0700,OK_EXPORT,True,False,0.003,0.21,1.15,0.0,0.7,20.0,displacement_only,0.500012,ESTABLE,0.0012712721974462,1.2712721974462762,1.265947939495878,3.7497565422999983,3.734052060504122,4.855723860218946,0.1000656242323006,8.91196037191644,9008.64313938668,0.8705033485407475,0.0699487,,,,8,3.734052060504122
al5,AL5,exports\al_batch5_after_al4_20260522\al_batch5_summary.csv,al5_midH_m125_mu0660,OK_EXPORT,True,False,0.003,0.21,1.25,0.0,0.66,20.0,displacement_only,0.500012,ESTABLE,0.001237647364963,1.2376473649630564,1.232463932307225,3.783381374783218,3.767536067692775,4.722999689037697,0.0999955836124776,8.966531509902866,9849.5315325026,0.8704038708403015,0.0694956,,,,8,3.767536067692775
al5,AL5,exports\al_batch5_after_al4_20260522\al_batch5_summary.csv,al5_highH_m085_mu0900,OK_EXPORT,True,False,0.003,0.225,0.85,0.0,0.9,20.0,displacement_only,0.500001,FALLO,0.0358803210827323,35.88032108273238,35.73004950031964,-30.859292342986105,-30.73004950031964,9.895782137584517,0.0999975811357454,9.553653828248123,60141.42829786288,0.8796142125389759,0.0726175,,,,8,-30.73004950031964
al5,AL5,exports\al_batch5_after_al4_20260522\al_batch5_summary.csv,al5_highH_m100_mu08625,OK_EXPORT,True,False,0.003,0.225,1.0,0.0,0.8625,20.0,displacement_only,0.500001,FALLO,0.0056343228519492,5.634322851949251,5.610725554454771,-0.6132941122029765,-0.6107255544547714,5.752839491998092,0.1000899652562633,9.985967770877291,70409.48424621832,0.8814923744183213,0.0711812,,,,8,-0.6107255544547714
al5,AL5,exports\al_batch5_after_al4_20260522\al_batch5_summary.csv,al5_highH_m115_mu0755,OK_EXPORT,True,False,0.003,0.225,1.15,0.0,0.755,20.0,displacement_only,0.500001,ESTABLE,0.0034839339833013,3.4839339833013185,3.469342801926853,1.5370947564449555,1.530657198073147,5.193639120726291,0.1002531193878774,9.96342841638359,80637.80482425226,0.8688613906868972,0.0708224,,,,8,1.530657198073147
al5,AL5,exports\al_batch5_after_al4_20260522\al_batch5_summary.csv,al5_highH_m125_mu0690,OK_EXPORT,True,False,0.003,0.225,1.25,0.0,0.69,20.0,displacement_only,0.500001,ESTABLE,0.0033577483526912,3.357748352691262,3.343685653610637,1.6632803870550124,1.656314346389363,4.925596123272231,0.1000025253131139,10.070749864513566,88189.83322901564,0.9764738834696808,0.0714001,,,,8,1.656314346389363
al6,AL6,exports\al_batch6_after_al5_20260523\al_batch6_summary.csv,al6_base_m085_mu07975,OK_EXPORT,True,False,0.003,0.2,0.85,0.0,0.7975,20.0,displacement_only,0.500009,FALLO,0.0071499293702809,7.149929370280902,7.119984510029122,-2.128900630534628,-2.1199845100291217,5.568000988122372,0.1003410081771156,9.783999436627386,9057.803534681518,0.732980039384978,0.0679487,,,,9,-2.1199845100291217
al6,AL6,exports\al_batch6_after_al5_20260523\al_batch6_summary.csv,al6_midH_m100_mu0746,OK_EXPORT,True,False,0.003,0.21,1.0,0.0,0.746,20.0,displacement_only,0.500012,FALLO,0.006879856175822,6.879856175822095,6.851042418221404,-1.8588274360758208,-1.851042418221404,5.964718586388204,0.1002248891543413,8.99796475455361,7805.809708988556,0.8651975201809411,0.0690199,,,,9,-1.851042418221404
al6,AL6,exports\al_batch6_after_al5_20260523\al_batch6_summary.csv,al6_midH_m115_mu0685,OK_EXPORT,True,False,0.003,0.21,1.15,0.0,0.685,20.0,displacement_only,0.500012,ESTABLE,0.0013415729573901,1.341572957390164,1.3359542704568916,3.6794557823561114,3.664045729543109,5.157743908261293,0.099998679696284,9.0828347558733,9030.548358947037,0.8653868436651091,0.06953,,,,9,3.664045729543109
al6,AL6,exports\al_batch6_after_al5_20260523\al_batch6_summary.csv,al6_midH_m125_mu0640,OK_EXPORT,True,False,0.003,0.21,1.25,0.0,0.64,20.0,displacement_only,0.500012,ESTABLE,0.0013200852245214,1.3200852245214825,1.3145565310866854,3.700943515224792,3.685443468913314,4.68030310372114,0.0999945848583812,9.496151585337085,9888.55166877942,0.8881117268768385,0.0693391,,,,9,3.685443468913314
al6,AL6,exports\al_batch6_after_al5_20260523\al_batch6_summary.csv,al6_highH_m100_mu0864,OK_EXPORT,True,False,0.003,0.225,1.0,0.0,0.864,20.0,displacement_only,0.500001,FALLO,0.0051013141444143,5.101314144414372,5.079949158658028,-0.080285404668098,-0.0799491586580281,5.686731292489694,0.1001145554802097,9.821895778062654,70359.16068361847,0.9842166275432964,0.0710559,,,,9,-0.0799491586580281
al6,AL6,exports\al_batch6_after_al5_20260523\al_batch6_summary.csv,al6_highH_m115_mu07525,OK_EXPORT,True,False,0.003,0.225,1.15,0.0,0.7525,20.0,displacement_only,0.500001,FALLO,0.0054202159551072,5.420215955107249,5.397515365925935,-0.3991872153609748,-0.3975153659259351,5.248340502043649,0.100231693525551,10.000106958210798,80660.43371127259,0.8110871547304211,0.0714169,,,,9,-0.3975153659259351
al6,AL6,exports\al_batch6_after_al5_20260523\al_batch6_summary.csv,al6_highH_m125_mu0685,OK_EXPORT,True,False,0.003,0.225,1.25,0.0,0.685,20.0,displacement_only,0.500001,ESTABLE,0.0040884307503003,4.088430750300381,4.071307855635756,0.9325979894458936,0.928692144364244,5.1334103331249175,0.0999987296219307,10.506271853250324,88281.20698741729,0.9098600747512772,0.0710455,,,,9,0.928692144364244
al7,AL7 local,exports\al_batch7_localgp_20260527\al_batch7_summary.csv,al7_midH_m115_mu0620,OK_EXPORT,True,False,0.003,0.21,1.15,0.0,0.62,20.0,displacement_only,0.500012,FALLO,0.0130935310363555,13.093531036355538,13.038638368822792,-8.072481036355537,-8.038638368822793,6.399065543801378,0.0999934863578623,8.797148829052512,9085.952950273077,0.8618771989362116,0.0691534,,,,10,-8.038638368822793
al7,AL7 local,exports\al_batch7_localgp_20260527\al_batch7_summary.csv,al7_midH_m125_mu0560,OK_EXPORT,True,False,0.003,0.21,1.25,0.0,0.56,20.0,displacement_only,0.500012,FALLO,0.0267353486044226,26.73534860442261,26.62326466020316,-21.714298604422616,-21.62326466020316,8.283889520409453,0.0999976809431098,8.703192003383815,9904.62334788283,0.8686576667723425,0.0691276,,,,10,-21.62326466020316
al8,AL8,exports\al_batch8_after_al7_20260528\al_batch8_summary.csv,al8_midH_m115_mu06400,OK_EXPORT,True,False,0.003,0.21,1.15,0.0,0.64,20.0,displacement_only,0.500012,FALLO,0.0068236525409781,6.823652540978165,6.79504539984482,-1.8026025409781656,-1.7950453998448197,5.410833035391349,0.0999956335346699,9.294821800662396,9097.470743786262,0.8587254307364199,0.069198,,,,11,-1.7950453998448197
al8,AL8,exports\al_batch8_after_al7_20260528\al_batch8_summary.csv,al8_midH_m115_mu06525,OK_EXPORT,True,False,0.003,0.21,1.15,0.0,0.6525,20.0,displacement_only,0.500012,FALLO,0.0051122139039755,5.1122139039755705,5.0907817129639925,-0.0911639039755707,-0.0907817129639925,5.214643856505705,0.0999945848583812,8.787066117140578,9080.271915797535,0.8806513881639633,0.070088,,,,11,-0.0907817129639925
al8,AL8,exports\al_batch8_after_al7_20260528\al_batch8_summary.csv,al8_midH_m115_mu06675,OK_EXPORT,True,False,0.003,0.21,1.15,0.0,0.6675,20.0,displacement_only,0.500012,ESTABLE,0.0032145690224353,3.214569022435353,3.2010924233331206,1.8064809775646469,1.7989075766668794,5.297077143139354,0.0999966822049611,9.33255386618931,9064.79183155654,0.8737640168423503,0.0691937,,,,11,1.7989075766668794
al8,AL8,exports\al_batch8_after_al7_20260528\al_batch8_summary.csv,al8_midH_m115_mu06775,OK_EXPORT,True,False,0.003,0.21,1.15,0.0,0.6775,20.0,displacement_only,0.500012,ESTABLE,0.0014757811490864,1.4757811490864434,1.4695941576826,3.5452688509135566,3.5304058423174,5.009306015552281,0.0999966822049611,9.019774192629711,9048.146589019874,0.8737011929366137,0.0693882,,,,11,3.5304058423174
al8,AL8,exports\al_batch8_after_al7_20260528\al_batch8_summary.csv,al8_midH_m125_mu05900,OK_EXPORT,True,False,0.003,0.21,1.25,0.0,0.59,20.0,displacement_only,0.500012,FALLO,0.0052084754007294,5.208475400729429,5.18663964781214,-0.1874254007294293,-0.1866396478121403,5.218928936486488,0.0999987296219307,10.163250464286758,9917.108932904854,0.8737821116266342,0.0694623,,,,11,-0.1866396478121403
al8,AL8,exports\al_batch8_after_al7_20260528\al_batch8_summary.csv,al8_midH_m125_mu06000,OK_EXPORT,True,False,0.003,0.21,1.25,0.0,0.6,20.0,displacement_only,0.500012,ESTABLE,0.0029510167739269,2.9510167739269826,2.93864507814798,2.070033226073017,2.06135492185202,5.358287907018589,0.0999945848583812,9.23154704914236,9910.167327291696,0.8807297223264637,0.0689139,,,,11,2.06135492185202
al8,AL8,exports\al_batch8_after_al7_20260528\al_batch8_summary.csv,al8_midH_m125_mu06200,OK_EXPORT,True,False,0.003,0.21,1.25,0.0,0.62,20.0,displacement_only,0.500012,ESTABLE,0.00185783449209,1.8578344920900731,1.8500457992751247,3.1632155079099267,3.149954200724875,4.588440588280791,0.0999956335346699,9.284523641554316,9876.03538308612,0.8606297823670757,0.0697673,,,,11,3.149954200724875
al8,AL8,exports\al_batch8_after_al7_20260528\al_batch8_summary.csv,al8_midH_m125_mu06300,OK_EXPORT,True,False,0.003,0.21,1.25,0.0,0.63,20.0,displacement_only,0.500012,ESTABLE,0.0014861483775181,1.4861483775181052,1.479917923062014,3.5349016224818945,3.520082076937986,4.6102639495988,0.0999935362460994,9.0682219512035,9882.1756113453,0.8649431745893658,0.0696345,,,,11,3.520082076937986
